Account name,Site name,Transferable,Sandbox,Environment name,WP Site URL,Environment type (PRD/STG/DEV),Domain,PHP version,WP version,DB storage (GB),File storage (GB),Total storage (GB),Bandwidth 30 day avg (GB),Bandwidth 30 day sum (GB),Total Visits 30 day avg,Total Visits 30 day sum,Site Tags
everneu,AnderCon,false,false,andercon24,http://andercon24.wpenginepowered.com,PRD,andercon24.wpenginepowered.com,8.2,6.8.2,0.27656555,0.53820801,0.81477356,0.00134658,0.04174399,62,1922,
everneu,apex411combine,false,false,apex411combine,http://www.apex411.com,PRD,www.apex411.com,8.2,6.8.2,0.18734360,0.87746429,1.06480789,0.06771235,2.09908287,123,3836,
everneu,Aqualution,false,false,aqualutiondev,http://aqualutiondev.wpenginepowered.com,DEV,aqualutiondev.wpenginepowered.com,8.2,6.8.2,0.29688644,0.64049530,0.93738174,0.00221248,0.06858677,7,217,
everneu,Aqualution,false,false,aqualution,http://www.aqualution.co.uk,PRD,www.aqualution.co.uk,8.2,6.8.2,0.33043289,1.98880768,2.31924057,0.24475458,7.58739206,327,10139,
everneu,Aqualution Legacy,false,false,aqualutionleg,http://aqualutionleg.wpenginepowered.com,STG,aqualutionleg.wpenginepowered.com,8.2,6.8.2,0.23773575,1.54765320,1.78538895,0.00069520,0.02155126,6,190,
everneu,Asphalt Systems,false,false,asphaltsystdev,http://asphaltsystdev.wpenginepowered.com,DEV,asphaltsystdev.wpenginepowered.com,8.2,6.8.2,0.18170166,0.48926926,0.67097092,0.00120641,0.03739880,0,9,
everneu,Asphalt Systems,false,false,asphaltsystems,http://asphaltsystemsinc.com,PRD,asphaltsystemsinc.com,8.2,6.8.2,0.23164368,1.36969376,1.60133743,0.16231360,5.03172152,130,4039,
everneu,Asphalt Systems,false,false,asphaltsyststg,http://asphaltsyststg.wpenginepowered.com,STG,asphaltsyststg.wpenginepowered.com,8.2,6.8.2,0.18223572,0.48402786,0.66626358,0.00059616,0.01848087,0,5,
everneu,brandpalette,false,false,brandpalettdev,http://brandpalettdev.wpenginepowered.com,DEV,brandpalettdev.wpenginepowered.com,8.2,6.8.1,0.24396896,0.41970825,0.66367722,0.00163195,0.05059047,0,8,
everneu,brandpalette,false,false,brandpalette,http://brandpalette.com,PRD,brandpalette.com,8.2,6.8.2,0.30633163,1.16638947,1.47272110,0.20917945,6.48456302,238,7384,
everneu,brandpalette,false,false,brandpalettstg,http://brandpalettstg.wpenginepowered.com,STG,brandpalettstg.wpenginepowered.com,8.2,6.8.2,0.29871750,0.47041321,0.76913071,0.00190286,0.05898881,4,150,
everneu,brandpalette2025,false,false,brandpalet1dev,http://brandpalet1dev.wpenginepowered.com,DEV,brandpalet1dev.wpenginepowered.com,8.2,6.8.2,0.25516510,0.41960526,0.67477036,0.00352536,0.10928625,0,9,
everneu,brandpalette2025,false,false,brandpalette20,http://brandpalette20.wpenginepowered.com,PRD,brandpalette20.wpenginepowered.com,8.2,6.8.2,0.17664337,0.33158493,0.50822830,0.00003001,0.00093038,0,5,
everneu,brandpalette2025,false,false,brandpalet1stg,http://brandpalet1stg.wpenginepowered.com,STG,brandpalet1stg.wpenginepowered.com,8.2,6.8.2,0.23288727,0.40372086,0.63660812,0.00156612,0.04854982,0,9,
everneu,BrandPal-pages,false,false,brandppalpages,http://brandppalpages.wpenginepowered.com,PRD,brandppalpages.wpenginepowered.com,8.2,6.8.2,0.28700638,0.48287964,0.76988602,0.00006843,0.00212121,0,5,
everneu,clackcorp,false,false,clackcorpdev,http://clackcorpdev.wpenginepowered.com,DEV,clackcorpdev.wpenginepowered.com,8.2,6.8.2,0.17178345,1.55284500,1.72462845,0.00234843,0.07280126,0,10,
everneu,clackcorp,false,false,clackcorp,http://www.clackcorp.com,PRD,www.clackcorp.com,8.2,6.8.2,0.20203018,1.62277222,1.82480240,3.82027637,118.42856734,1178,36525,
everneu,clackcorp,false,false,clackcorpstg,http://clackcorpstg.wpenginepowered.com,STG,clackcorpstg.wpenginepowered.com,8.2,6.8.2,0.10593796,0.54935074,0.65528870,0.00177071,0.05489194,0,8,
everneu,clackcorplegacy,false,false,clackcorplegac,http://clackcorplegac.wpenginepowered.com,PRD,clackcorplegac.wpenginepowered.com,8.2,6.8.2,0.04900742,0.53454590,0.58355331,0.01739732,0.53931696,0,24,
everneu,cntGeotechnical,false,false,cntgeotechdev,http://cntgeotechdev.wpenginepowered.com,DEV,cntgeotechdev.wpenginepowered.com,8.2,6.8.2,0.25253677,0.49683380,0.74937057,0.00025334,0.00785347,0,15,
everneu,cntGeotechnical,false,false,cntgeotech,http://cntgeotech.wpenginepowered.com,PRD,cntgeotech.wpenginepowered.com,8.2,6.8.2,0.24965668,0.50642776,0.75608444,0.00506216,0.15692709,0,15,
everneu,CNT Legacy,false,false,cntlegacy,http://cntlegacy.wpenginepowered.com,PRD,cntlegacy.wpenginepowered.com,7.4,6.8.2,0.37405396,1.36548996,1.73954391,0.00302698,0.09383633,9,284,
everneu,Crain Supply,false,false,crainsupply,http://crainsupply.wpengine.com,PRD,crainsupply.wpengine.com,7.4,6.8.2,0.07795334,0.32115936,0.39911270,0.00001344,0.00041661,0,6,
everneu,C-Tech Controls,false,false,ctechcontrols,http://ctechcontrols.wpengine.com,PRD,ctechcontrols.wpengine.com,7.4,6.8.2,0.11148071,0.30205154,0.41353226,0.00005991,0.00185711,0,4,
everneu,Dallas HCA,false,false,dallashcadev,http://dallashcadev.wpenginepowered.com,DEV,dallashcadev.wpenginepowered.com,7.4,6.8.2,0.15990829,0.72819519,0.88810349,0.00092776,0.02876046,1,36,
everneu,Dallas HCA,false,false,dallashca,http://homecareassistanceofdallas.com,PRD,homecareassistanceofdallas.com,7.4,6.8.2,0.22853088,3.39589691,3.62442780,0.29774017,9.22994515,341,10582,
everneu,Dallas HCA,false,false,dallashcastg,http://dallashcastg.wpenginepowered.com,STG,dallashcastg.wpenginepowered.com,7.4,6.8.2,0.14425659,0.69301987,0.83727646,0.00019083,0.00591579,0,6,
everneu,David Quick,false,false,davidquickdev,http://davidquickdev.wpenginepowered.com,DEV,davidquickdev.wpenginepowered.com,8.2,6.8.2,0.24487305,0.79199600,1.03686905,0.00033844,0.01049176,0,10,
everneu,David Quick,false,false,davidquick,http://davidquickleadershipcoaching.com,PRD,davidquickleadershipcoaching.com,8.2,6.8.2,0.25015640,2.52612305,2.77627945,0.07752544,2.40328862,222,6897,
everneu,Detering,false,false,detering1,http://detering1.wpengine.com,PRD,detering1.wpengine.com,7.4,6.2.2,0.20961380,0.56790543,0.77751923,0.00000008,0.00000256,0,4,Detering
everneu,DEV SandBox,false,false,everneusandbox,http://everneusandbox.wpenginepowered.com,PRD,everneusandbox.wpenginepowered.com,8.2,6.8.2,0.16427612,3.15547180,3.31974792,0.00004933,0.00152911,0,8,
everneu,Dev Team Library,false,false,devteamlib,http://devteamlib.wpenginepowered.com,PRD,devteamlib.wpenginepowered.com,8.2,6.8.2,0.17654037,0.33470917,0.51124954,0.00006160,0.00190956,0,10,
everneu,drakelab,false,false,drakelabdev,http://drakelabdev.wpenginepowered.com,DEV,drakelabdev.wpenginepowered.com,8.2,6.8.2,0.37466812,1.90123367,2.27590179,0.00010292,0.00319045,0,12,
everneu,drakelab,false,false,drakelab,http://drakelab.com,PRD,drakelab.com,8.2,6.8.2,0.38319778,12.80346298,13.18666077,0.23516908,7.29024156,311,9662,
everneu,drakelab,false,false,drakelabstg,http://drakelabstg.wpenginepowered.com,STG,drakelabstg.wpenginepowered.com,8.2,6.8.1,0.32585526,1.05987930,1.38573456,0.00006683,0.00207164,0,8,
everneu,Dr Whelton,false,false,drwhelton,http://drwhelton.wpengine.com,PRD,drwhelton.wpengine.com,7.4,6.8.2,0.04305649,0.18186569,0.22492218,0.00001688,0.00052339,0,3,
everneu,EBS Inkjet USA,false,false,ebsinkjetusa,http://ebsinkjetusa.wpengine.com,PRD,ebsinkjetusa.wpengine.com,7.4,6.8.2,0.13981247,0.52286530,0.66267776,0.00005521,0.00171136,0,6,
everneu,Eco City Junk,false,false,ecocityjunk23,http://ecocityjunk.com,PRD,ecocityjunk.com,7.4,6.8.2,0.01396179,0.28197861,0.29594040,0.04378675,1.35738920,89,2784,
everneu,Eco City Junk,false,false,ecoctyjnk23stg,http://ecoctyjnk23stg.wpenginepowered.com,STG,ecoctyjnk23stg.wpenginepowered.com,8.2,6.5.5,0.00411987,0.25818253,0.26230240,0.00000119,0.00003699,0,2,
everneu,Elme,false,false,elmedev,http://elmedev.wpenginepowered.com,DEV,elmedev.wpenginepowered.com,8.2,6.8.2,0.25426865,0.58037949,0.83464813,0.00037148,0.01151586,0,7,
everneu,Elme,false,false,elme,http://elmearts.com,PRD,elmearts.com,8.2,6.8.2,0.23133087,0.53839874,0.76972961,0.04628941,1.43497183,212,6576,
everneu,Email Signature Images,false,false,emailsigimages,http://emailsigimages.wpenginepowered.com,PRD,emailsigimages.wpenginepowered.com,8.2,6.8.2,0.00188446,0.08724594,0.08913040,0.00735671,0.22805804,24,764,
everneu,everneu,false,false,everneu,http://everneu.com,PRD,everneu.com,8.2,6.8.2,0.02610779,0.21066666,0.23677444,0.01152314,0.35721743,37,1161,everneu
everneu,everneu dev,false,false,everneustage,http://everneustage.wpengine.com,STG,everneustage.wpengine.com,8.2,6.8.2,0.00185013,0.08491516,0.08676529,0.00000176,0.00005449,0,3,everneu
everneu,Everneu Internal,false,false,everneuint,http://i.everneu.com,PRD,i.everneu.com,8.2,6.8.2,0.04900360,0.21700287,0.26600647,0.01436563,0.44533463,2,91,everneu
everneu,Everneu Internal,false,false,everneuintstg,http://everneuintstg.wpengine.com,STG,everneuintstg.wpengine.com,8.2,6.8.2,0.03645706,0.18922043,0.22567749,0.00013758,0.00426493,0,17,everneu
everneu,Eversandbox,false,false,eversandboxdev,http://eversandboxdev.wpenginepowered.com,DEV,eversandboxdev.wpenginepowered.com,8.2,6.8.2,0.02402115,0.22229385,0.24631500,0.00026039,0.00807213,0,14,
everneu,Eversandbox,false,false,eversandbox,http://eversandbox.wpenginepowered.com,PRD,eversandbox.wpenginepowered.com,8.2,6.8.2,0.02175522,0.37440872,0.39616394,0.00016428,0.00509266,62,1922,
everneu,Eversandbox,false,false,eversandboxstg,http://eversandboxstg.wpenginepowered.com,STG,eversandboxstg.wpenginepowered.com,8.2,6.8.2,0.19796753,0.37826538,0.57623291,0.00015007,0.00465232,0,14,
everneu,Fleming Homes,false,false,fleminghomedev,http://fleminghomedev.wpenginepowered.com,DEV,fleminghomedev.wpenginepowered.com,8.2,6.8.2,0.76754761,1.26923370,2.03678131,0.01979947,0.61378370,18,559,
everneu,Fleming Homes,false,false,fleminghome,http://www.fleminghomes.co.uk,PRD,www.fleminghomes.co.uk,8.2,6.8.2,0.69925690,2.82275772,3.52201462,1.35459623,41.99248329,524,16251,
everneu,Fleming Homes,false,false,fleminghomestg,http://fleminghomestg.wpenginepowered.com,STG,fleminghomestg.wpenginepowered.com,8.2,6.8.2,0.71626663,0.96905136,1.68531799,0.00018789,0.00582456,0,8,
everneu,Fleming Homes 25,false,false,fleming25,http://fleming25.wpenginepowered.com,DEV,fleming25.wpenginepowered.com,8.2,6.8.2,0.35082245,1.04446030,1.39528275,0.00012507,0.00387728,0,19,
everneu,Fleming Homes Legacy,false,false,fleminghomeleg,http://fleminghomeleg.wpenginepowered.com,PRD,fleminghomeleg.wpenginepowered.com,8.2,6.8.2,0.58407211,5.83848572,6.42255783,0.00303272,0.09401417,8,263,
everneu,hca-dallas,false,false,hcadallas,http://hcadallas.wpenginepowered.com,PRD,hcadallas.wpenginepowered.com,8.2,6.8.2,0.08225250,0.67736816,0.75962067,0.00620332,0.19230286,62,1943,
everneu,HCA Dallas Legacy,false,false,hcadallasledev,http://hcadallasledev.wpenginepowered.com,DEV,hcadallasledev.wpenginepowered.com,8.2,6.6.1,0.21548843,1.09830856,1.31379700,0.00000120,0.00003709,0,2,
everneu,HCA Dallas Legacy,false,false,hcadallaslegac,http://hcadallaslegac.wpenginepowered.com,PRD,hcadallaslegac.wpenginepowered.com,7.4,6.8.2,0.21522903,1.10583496,1.32106400,0.00004963,0.00153861,0,20,
everneu,HCA Dallas Legacy,false,false,hcadallaslestg,http://hcadallaslestg.wpenginepowered.com,STG,hcadallaslestg.wpenginepowered.com,8.2,6.7.1,0.21556473,1.10028076,1.31584549,0.00000120,0.00003714,0,2,
everneu,HCANM,false,false,hcanm,http://hcanm.wpenginepowered.com,PRD,hcanm.wpenginepowered.com,8.2,6.8.2,0.13361359,1.08985138,1.22346497,0.00031425,0.00974179,62,1922,
everneu,Helping Bulls (David Quick) Legacy,false,false,helpbullsleg,http://helpbullsleg.wpenginepowered.com,PRD,helpbullsleg.wpenginepowered.com,7.4,6.8.2,0.05374908,1.07827759,1.13202667,0.00069285,0.02147830,4,140,
everneu,Highmark Legacy,false,false,highmarkleg,http://highmarkleg.wpenginepowered.com,PRD,highmarkleg.wpenginepowered.com,8.2,6.8.2,0.21474838,1.00062943,1.21537781,0.00001306,0.00040485,0,4,
everneu,Home Care Assistance New Mexico,false,false,homecareassis1,http://homecareassis1.wpengine.com,PRD,homecareassis1.wpengine.com,8.2,6.4.3,0.11558914,0.97028732,1.08587646,0.01541095,0.47773932,0,14,
everneu,Jaguar Freight,false,false,jaguarfreight1,http://jaguarfreight1.wpengine.com,PRD,jaguarfreight1.wpengine.com,8.2,6.8.2,0.17409515,3.85578537,4.02988052,0.00007323,0.00227029,0,7,
everneu,Jo Macsween,false,false,jomacsween,http://jomacsween.wpengine.com,PRD,jomacsween.wpengine.com,8.2,6.8.2,0.10526657,0.28622818,0.39149475,0.00003414,0.00105827,0,3,
everneu,Jumpstart Your Exit,false,false,jumpstartexit,http://jumpstartyourexit.com,PRD,jumpstartyourexit.com,8.2,6.8.2,0.07762146,0.38595200,0.46357346,0.03719555,1.15306192,229,7108,
everneu,Jumpstart Your Exit,false,false,jumpstartstag,http://jumpstartstag.wpenginepowered.com,STG,jumpstartstag.wpenginepowered.com,8.2,6.8.2,0.02263260,0.20538712,0.22801971,0.00022026,0.00682803,0,8,
everneu,Just Resolve,false,false,justresolve,http://justresolve.wpengine.com,PRD,justresolve.wpengine.com,7.4,6.8.2,0.22504425,1.25283432,1.47787857,0.00014892,0.00461642,0,9,Just Resolve
everneu,Just Resolve 2,false,false,justresolve2,http://justresolve2.wpengine.com,PRD,justresolve2.wpengine.com,7.4,6.8.2,0.23434830,1.17913437,1.41348267,0.00021626,0.00670408,0,8,Just Resolve
everneu,justresolve23,false,false,justresolv1dev,http://justresolv1dev.wpenginepowered.com,DEV,justresolv1dev.wpenginepowered.com,8.2,6.7.2,0.04561615,0.35338593,0.39900208,0.00052443,0.01625724,0,6,Just Resolve
everneu,justresolve23,false,false,justresolve23,http://justresolve.com,PRD,justresolve.com,8.2,6.8.2,0.05318451,1.09614182,1.14932632,0.08284631,2.56823567,242,7518,Just Resolve
everneu,justresolve23,false,false,justresolv1stg,http://justresolv1stg.wpengine.com,STG,justresolv1stg.wpengine.com,8.2,6.8.2,0.07049561,0.35041809,0.42091370,0.00000511,0.00015844,0,4,Just Resolve
everneu,justresolve mvp,false,false,justresolvemvp,http://justresolvemvp.wpenginepowered.com,PRD,justresolvemvp.wpenginepowered.com,8.2,6.8.2,0.01161194,0.10155106,0.11316299,0.00007845,0.00243188,60,1886,Just Resolve
everneu,justresolve mvp,false,false,justresolvestg,http://justresolvestg.wpengine.com,STG,justresolvestg.wpengine.com,8.2,6.8.2,0.01861572,0.17931747,0.19793320,0.00000655,0.00020301,0,4,Just Resolve
everneu,Kelly Moss,false,false,kellymossdev,http://kellymossdev.wpenginepowered.com,DEV,kellymossdev.wpenginepowered.com,8.2,6.8.2,0.82341766,9.42051315,10.24393082,0.10947339,3.39367514,3,103,
everneu,Kelly Moss,false,false,kellymoss,http://klub.kellymoss.com,PRD,klub.kellymoss.com,8.2,6.8.2,0.79986954,10.20656204,11.00643158,0.19512273,6.04880452,188,5839,
everneu,Kelly Moss,false,false,kellymossstg,http://kellymossstg.wpenginepowered.com,STG,kellymossstg.wpenginepowered.com,8.2,6.8.2,0.61842346,6.70970154,7.32812500,0.00153729,0.04765599,0,7,
everneu,lavish24,false,false,lavish24dev,http://lavish24dev.wpenginepowered.com,DEV,lavish24dev.wpenginepowered.com,8.2,6.8.2,0.29364777,0.99110031,1.28474808,0.00040845,0.01266207,0,6,
everneu,lavish24,false,false,lavish24,http://lavishforhome.com,PRD,lavishforhome.com,8.2,6.8.2,0.27570343,3.26526260,3.54096603,0.17171280,5.32309674,258,8003,
everneu,Lavish Legacy,false,false,lavishhomes,http://lavishhomes.wpenginepowered.com,PRD,lavishhomes.wpenginepowered.com,8.2,6.7.2,0.04782104,1.08648682,1.13430786,0.00094622,0.02933268,0,7,
everneu,Lions Mane Financial,false,false,lionsmanefinan,http://lionsmanefinan.wpengine.com,PRD,lionsmanefinan.wpengine.com,8.2,6.8.2,0.14112473,0.34763718,0.48876190,0.00004313,0.00133696,0,7,
everneu,logiflexinc,false,false,logiflexinc,http://logiflexinc.wpengine.com,PRD,logiflexinc.wpengine.com,8.2,6.7.2,0.03757095,0.22820663,0.26577759,0.00065215,0.02021662,66,2060,
everneu,logiflexinc,false,false,logiflexincstg,http://logiflexincstg.wpengine.com,STG,logiflexincstg.wpengine.com,8.2,6.7.2,0.03200531,0.22499466,0.25699997,0.00003209,0.00099473,0,8,
everneu,logiflexinc 2,false,false,logiflexinc2,http://logiflexinc2.wpengine.com,PRD,logiflexinc2.wpengine.com,8.2,6.8.2,0.00185013,0.08387756,0.08572769,0.00001503,0.00046600,62,1934,
everneu,logiflex legacy,false,false,logiflexlegacy,http://logiflexlegacy.wpengine.com,PRD,logiflexlegacy.wpengine.com,8.2,6.8.2,0.44581223,1.24227524,1.68808746,0.00000590,0.00018292,0,3,
everneu,MB Schoen,false,false,mbschoendev,http://mbschoendev.wpenginepowered.com,DEV,mbschoendev.wpenginepowered.com,8.2,6.8.2,0.28758621,0.43146896,0.71905518,0.00856412,0.26548762,2,70,
everneu,Michael Nash,false,false,michanash25dev,http://michanash25dev.wpenginepowered.com,DEV,michanash25dev.wpenginepowered.com,8.2,6.8.2,1.10449600,81.76340866,82.86790466,1.42955185,44.31610732,3,121,
everneu,Michael Nash,false,false,michaelnash25,http://michaelnashdesignbuild.com,PRD,michaelnashdesignbuild.com,8.2,6.8.2,0.99728012,81.81864929,82.81592941,1.45731482,45.17675944,117,3649,
everneu,Michael Nash,false,false,michaelnashstg,http://michaelnashstg.wpenginepowered.com,STG,michaelnashstg.wpenginepowered.com,8.2,6.8.2,0.74105453,64.87462616,65.61568069,0.00056747,0.01759171,0,6,
everneu,Mr Locks,false,false,mrlocksdev,http://mrlocksdev.wpenginepowered.com,DEV,mrlocksdev.wpenginepowered.com,7.4,6.8.2,0.20397949,1.01246262,1.21644211,0.00038252,0.01185809,0,7,
everneu,Mr Locks,false,false,mrlocks,http://mrlocks.wpenginepowered.com,PRD,mrlocks.wpenginepowered.com,7.4,6.8.2,0.22767258,2.63642120,2.86409378,0.00475470,0.14739564,7,246,
everneu,mrlocksleg,false,false,mrlocksleg,http://mrlocksleg.wpenginepowered.com,PRD,mrlocksleg.wpenginepowered.com,7.4,6.8.2,0.18541336,0.97281647,1.15822983,0.00000512,0.00015886,0,3,
everneu,Nalu-Vighter,false,false,naluvighterdev,http://naluvighterdev.wpenginepowered.com,DEV,naluvighterdev.wpenginepowered.com,8.2,6.8.2,0.02437210,0.19986343,0.22423553,0.00025086,0.00777654,0,6,
everneu,Nalu-Vighter,false,false,naluvighter,http://nalu-vighter.com,PRD,nalu-vighter.com,8.2,6.8.2,0.05919647,0.26152039,0.32071686,0.01650599,0.51168575,199,6195,
everneu,Nalu-Vighter,false,false,naluvighterstg,http://naluvighterstg.wpenginepowered.com,STG,naluvighterstg.wpenginepowered.com,8.2,6.8.2,0.01558304,0.19495392,0.21053696,0.00020717,0.00642218,0,5,
everneu,New Mexico Fleet Design,false,false,newmexicofleet,http://nmfleetdesign.com,PRD,nmfleetdesign.com,7.4,6.8.2,0.05133438,0.75409317,0.80542755,0.00000746,0.00023135,0,7,
everneu,Park Cities HCA,false,false,parkcityhca,http://parkcityhca.wpenginepowered.com,PRD,parkcityhca.wpenginepowered.com,7.4,6.8.2,0.23165512,0.73026276,0.96191788,0.01280430,0.39693328,63,1959,
everneu,Perimeter,false,false,perimeter25dev,http://perimeter25dev.wpenginepowered.com,DEV,perimeter25dev.wpenginepowered.com,8.2,6.8.2,0.33404541,0.78739929,1.12144470,0.02642906,0.81930100,7,229,
everneu,Perimeter,false,false,perimeter25,http://perimeter.net,PRD,perimeter.net,8.2,6.8.2,0.35264969,0.79931641,1.15196609,0.87231877,27.04188180,379,11753,
everneu,Practice Pro 365,false,false,practice365,http://practicepro365.com,PRD,practicepro365.com,8.2,6.8.2,0.16719818,0.65719986,0.82439804,0.24158814,7.48923245,443,13747,
everneu,Practice Pro 365,false,false,pracpro365dev,http://pracpro365dev.wpenginepowered.com,STG,pracpro365dev.wpenginepowered.com,8.2,6.8.2,0.23347855,0.69833374,0.93181229,0.04722949,1.46411417,0,23,
everneu,Process Bolt,false,false,procbolt25dev,http://procbolt25dev.wpenginepowered.com,DEV,procbolt25dev.wpenginepowered.com,8.2,6.8.2,0.21124649,1.47298050,1.68422699,0.00670801,0.20794837,0,6,
everneu,Process Bolt,false,false,procbolt25,http://processbolt.com,PRD,processbolt.com,8.2,6.8.2,0.22240067,1.54222488,1.76462555,0.67775731,21.01047673,444,13778,
everneu,Process Bolt,false,false,processbol1stg,http://processbol1stg.wpenginepowered.com,STG,processbol1stg.wpenginepowered.com,8.2,6.8.2,0.21806717,1.47140503,1.68947220,0.01799862,0.55795733,1,32,
everneu,Processbolt legacy,false,false,processboltleg,http://processboltleg.wpenginepowered.com,PRD,processboltleg.wpenginepowered.com,8.2,6.8.2,0.16117859,1.40740585,1.56858444,0.12856966,3.98565933,63,1979,
everneu,Safandarley Legacy,false,false,safandarleyleg,http://safandarleyleg.wpengine.com,PRD,safandarleyleg.wpengine.com,8.2,6.8.2,0.00184250,0.53535461,0.53719711,0.00000318,0.00009867,0,0,Safandarley
everneu,Safandarley Rebuild,false,false,safanrebuildev,http://safanrebuildev.wpenginepowered.com,DEV,safanrebuildev.wpenginepowered.com,8.2,6.8.2,0.43543625,1.04084015,1.47627640,0.00421640,0.13070850,7,236,
everneu,Safandarley Rebuild,false,false,safanrebuild,http://us.safandarley.com,PRD,us.safandarley.com,8.2,6.8.2,0.20216370,0.73946381,0.94162750,0.55468680,17.19529067,210,6536,
everneu,SignPlex,false,false,signplex1,http://signplex1.wpenginepowered.com,PRD,signplex1.wpenginepowered.com,7.4,6.8.2,0.03657532,0.70814514,0.74472046,0.00000224,0.00006951,0,9,
everneu,Skyler Design Build,false,false,skylerdesign,http://skylerdesignbuild.com,PRD,skylerdesignbuild.com,8.2,6.8.2,0.11510849,0.73937988,0.85448837,0.84293342,26.13093588,119,3718,
everneu,Skyler Design Build,false,false,skylerdesigstg,http://skylerdesigstg.wpenginepowered.com,STG,skylerdesigstg.wpenginepowered.com,8.2,6.8.2,0.19022369,0.77603912,0.96626282,0.01374384,0.42605918,1,33,
everneu,SuperTran.us,false,false,supertranstg,http://supertranstg.wpenginepowered.com,STG,supertranstg.wpenginepowered.com,8.2,6.8.2,0.06249237,1.05429840,1.11679077,0.00037250,0.01154747,0,4,
everneu,taserviceleg,false,false,taserviceleg,http://taserviceleg.wpenginepowered.com,PRD,taserviceleg.wpenginepowered.com,8.2,6.8.2,0.06863785,0.69197464,0.76061249,0.00004184,0.00129692,0,3,
everneu,TA Services,false,false,taservices1dev,http://taservices1dev.wpenginepowered.com,DEV,taservices1dev.wpenginepowered.com,8.2,6.8.2,0.27079010,0.84677124,1.11756134,0.00089249,0.02766706,0,8,
everneu,TA Services,false,false,taservice23,http://www.taservices.com,PRD,www.taservices.com,8.2,6.8.2,0.27152252,0.85113144,1.12265396,5.88514203,182.43940308,3781,117235,
everneu,TA Services,false,false,taservice23stg,http://taservice23stg.wpenginepowered.com,STG,taservice23stg.wpenginepowered.com,8.2,6.8.2,0.29008484,0.83200073,1.12208557,0.00067540,0.02093727,0,4,
everneu,Team Nelson,false,false,teamnelsondev,http://teamnelsondev.wpenginepowered.com,DEV,teamnelsondev.wpenginepowered.com,8.2,6.8.2,0.11581802,1.02759933,1.14341736,0.00079402,0.02461476,0,11,
everneu,Team Nelson,false,false,teamnelson,http://teamnelsoninc.com,PRD,teamnelsoninc.com,8.2,6.8.2,0.11771393,5.56486130,5.68257523,1.76399932,54.68397889,141,4381,
everneu,Team Nelson,false,false,teamnelsonstg,http://teamnelsonstg.wpenginepowered.com,STG,teamnelsonstg.wpenginepowered.com,8.2,6.8.2,0.05395508,0.59969330,0.65364838,0.00144588,0.04482226,0,12,
everneu,teamnelsonlegacy,false,false,teamnelsonlega,http://teamnelsonlega.wpenginepowered.com,PRD,teamnelsonlega.wpenginepowered.com,8.2,6.8.2,0.02569962,0.73352814,0.75922775,0.00000840,0.00026038,0,3,
everneu,Templeton,false,false,templetonco,http://templetonco.wpenginepowered.com,PRD,templetonco.wpenginepowered.com,8.2,6.8.2,0.16217422,0.54441833,0.70659256,0.10029966,3.10928951,254,7893,
everneu,Templeton & Company,false,false,templeandcodev,http://templeandcodev.wpenginepowered.com,DEV,templeandcodev.wpenginepowered.com,8.2,6.8.2,0.25748062,0.42312622,0.68060684,0.00613758,0.19026503,1,45,
everneu,Templeton & Company,false,false,templetonco25,http://templetonadvisors.com,PRD,templetonadvisors.com,8.2,6.8.2,0.28372955,0.46784973,0.75157928,0.19503200,6.04599190,185,5742,
everneu,Tropical Roofing,false,false,tropicalroofin,http://tropicalroofin.wpengine.com,PRD,tropicalroofin.wpengine.com,7.4,6.7.2,0.84191513,1.18433762,2.02625275,0.00000000,0.00000017,0,3,
everneu,Tropical Roofing Marketplace,false,false,tropicaltrm,http://tropicaltrm.wpengine.com,PRD,tropicaltrm.wpengine.com,8.2,6.8.2,0.01597214,0.19509888,0.21107101,0.00000000,0.00000000,0,3,
everneu,Upstate Door,false,false,upstdoor24dev,http://upstdoor24dev.wpenginepowered.com,DEV,upstdoor24dev.wpenginepowered.com,8.2,6.8.1,0.26804352,2.53769684,2.80574036,0.00026595,0.00824446,0,6,
everneu,Upstate Door,false,false,upstdoor24,http://upstdoor24.wpenginepowered.com,PRD,upstdoor24.wpenginepowered.com,8.2,6.8.2,0.16804886,0.33547211,0.50352097,0.00015273,0.00473459,63,1954,
everneu,VCCF,false,false,vccf24dev,http://vccf24dev.wpenginepowered.com,DEV,vccf24dev.wpenginepowered.com,8.2,6.8.2,1.77977753,10.32521439,12.10499191,0.00091495,0.02836347,0,11,
everneu,VCCF,false,false,vccf24,http://vccf.org,PRD,vccf.org,8.2,6.8.2,1.86552048,10.45073700,12.31625748,4.70410494,145.82725309,698,21648,
everneu,VCCF,false,false,vccf24stg,http://vccf24stg.wpenginepowered.com,STG,vccf24stg.wpenginepowered.com,8.2,6.8.2,1.78405380,10.31679916,12.10085297,0.00030238,0.00937392,0,6,
everneu,VCCF Legacy,false,false,vccflegacy,http://vccflegacy.wpenginepowered.com,PRD,vccflegacy.wpenginepowered.com,8.2,6.8.2,0.59617615,10.02564621,10.62182236,0.00287054,0.08898674,1,35,
everneu,Vighter,false,false,vighter,http://vighter.wpengine.com,PRD,vighter.wpengine.com,8.2,6.8.2,0.31401062,0.88336563,1.19737625,0.00003221,0.00099839,0,8,
everneu,vighter 2023,false,false,vighter2023,http://vighter2023.wpengine.com,PRD,vighter2023.wpengine.com,7.4,6.2.6,0.29665756,0.83793640,1.13459396,0.00010053,0.00311646,62,1924,
everneu,Vighter2024,false,false,vighter2024dev,http://vighter2024dev.wpenginepowered.com,DEV,vighter2024dev.wpenginepowered.com,8.2,6.7.2,0.33515930,1.07799911,1.41315842,0.01205882,0.37382354,2,90,
everneu,Vighter2024,false,false,vighter2024,http://vighter.com,PRD,vighter.com,8.2,6.8.2,0.36629105,1.36204529,1.72833633,0.23438467,7.26592464,289,8987,
everneu,Vighter2024,false,false,vighter2024stg,http://vighter2024stg.wpenginepowered.com,STG,vighter2024stg.wpenginepowered.com,8.2,6.8.2,0.36957550,1.30213547,1.67171097,0.00088443,0.02741723,0,7,
everneu,Vighter Legacy,false,false,vighterlegacy,http://vighterlegacy.wpengine.com,PRD,vighterlegacy.wpengine.com,7.4,6.8.2,0.07088470,0.45238876,0.52327347,0.00000007,0.00000224,0,1,
everneu,Viktar's blank site,false,false,vikblanksite,http://vikblanksite.wpenginepowered.com,PRD,vikblanksite.wpenginepowered.com,8.2,6.8.2,0.17706680,0.64994049,0.82700729,0.00065153,0.02019744,166,5164,
everneu,Water Step,false,false,waterstep24dev,http://waterstep24dev.wpenginepowered.com,DEV,waterstep24dev.wpenginepowered.com,8.2,6.8.2,0.43758392,3.74736786,4.18495178,0.04537719,1.40669280,6,212,
everneu,Water Step,false,false,waterstep24,http://waterstep.org,PRD,waterstep.org,8.2,6.8.2,0.37568665,3.72685623,4.10254288,0.61660358,19.11471109,381,11815,
everneu,Water Step,false,false,waterstep24stg,http://waterstep24stg.wpenginepowered.com,STG,waterstep24stg.wpenginepowered.com,8.2,6.8.2,0.36063004,3.21871185,3.57934189,0.00032814,0.01017241,0,6,
everneu,WaterStep Legacy,false,false,waterstepleg,http://waterstepleg.wpenginepowered.com,PRD,waterstepleg.wpenginepowered.com,8.2,6.8.2,0.22488403,4.65163040,4.87651443,0.00876322,0.27165987,0,10,
everneu,Wavecel,false,false,waveceldev,http://waveceldev.wpenginepowered.com,DEV,waveceldev.wpenginepowered.com,8.2,6.8.2,0.14340591,1.43579483,1.57920074,0.00061978,0.01921305,0,10,
everneu,Wavecel,false,false,wavecel,http://wavecel.com,PRD,wavecel.com,8.2,6.8.2,0.17498779,3.86715317,4.04214096,2.33859431,72.49642349,301,9338,
everneu,Wavecel,false,false,wavecelstg,http://wavecelstg.wpenginepowered.com,STG,wavecelstg.wpenginepowered.com,8.2,6.8.2,0.14486694,1.43226242,1.57712936,0.03588737,1.11250839,17,540,
everneu,World Changing Books,false,false,worldbooksdev,http://worldbooksdev.wpenginepowered.com,DEV,worldbooksdev.wpenginepowered.com,8.2,6.8.2,0.26700974,1.65871429,1.92572403,0.00031319,0.00970905,0,9,
everneu,World Changing Books,false,false,worldbooks,http://worldbooks.wpenginepowered.com,PRD,worldbooks.wpenginepowered.com,8.2,6.8.2,0.26436996,1.67114258,1.93551254,0.00841065,0.26073014,32,994,
everneu,World Changing Books,false,false,worldbooksstg,http://worldbooksstg.wpenginepowered.com,STG,worldbooksstg.wpenginepowered.com,8.2,6.8.2,0.22761154,0.69994736,0.92755890,0.00032017,0.00992543,0,10,
everneu,World Changing Books Legacy,false,false,worldbooksleg,http://worldbooksleg.wpenginepowered.com,PRD,worldbooksleg.wpenginepowered.com,8.2,6.8.2,0.03328705,1.45304108,1.48632812,0.00701921,0.21759541,0,5,
everneu,yourfoundationexperts..com,false,false,foundexpertdev,http://foundexpertdev.wpenginepowered.com,DEV,foundexpertdev.wpenginepowered.com,8.2,6.8.2,0.15201950,0.59226990,0.74428940,0.00010819,0.00335389,0,7,
everneu,yourfoundationexperts..com,false,false,foundexperts,http://foundexperts.wpenginepowered.com,PRD,foundexperts.wpenginepowered.com,8.2,6.8.2,0.16376495,0.59160614,0.75537109,0.00373431,0.11576348,0,0,
everneu,yourfoundationexperts..com,false,false,yourfoundatstg,http://yourfoundatstg.wpenginepowered.com,STG,yourfoundatstg.wpenginepowered.com,8.2,6.8.2,0.12803650,0.40512848,0.53316498,0.00000011,0.00000328,0,6,
everneu,Zempleo,false,false,zempleodev,http://zempleodev.wpenginepowered.com,DEV,zempleodev.wpenginepowered.com,8.2,6.8.2,0.28659058,0.53552246,0.82211304,0.16009666,4.96299663,4,138,
everneu,Zempleo,false,false,zempleo,http://zempleo.wpenginepowered.com,PRD,zempleo.wpenginepowered.com,8.2,6.8.2,0.25033188,0.52829742,0.77862930,0.00003101,0.00096122,0,1,
everneu,Zempleo Legacy,false,false,zempleoleg,http://zempleoleg.wpenginepowered.com,STG,zempleoleg.wpenginepowered.com,8.2,6.8.2,0.11659622,1.03741837,1.15401459,0.00210561,0.06527400,0,24,
